{
  "project_info": {
    "project_number": "78307261086",
    "project_id": "ecomart-999",
    "storage_bucket": "ecomart-999.firebasestorage.app"
  },
  "client": [
    {
      "client_info": {
        "mobilesdk_app_id": "1:78307261086:android:8fc6ce82dce89bf1c5d98f",
        "android_client_info": {
          "package_name": "com.store.ecommerceapplication"
        }
      },
      "oauth_client": [],
      "api_key": [
        {
          "current_key": "AIzaSyDksX7RGdba337lQHFJ2-h1B0rDGAJunsw"
        }
      ],
      "services": {
        "appinvite_service": {
          "other_platform_oauth_client": []
        }
      }
    }
  ],
  "configuration_version": "1"
}